employee_id,first_name,last_name,full_name,mail_id,gender,dob,employment_type,department_id,join_date,location_id
NLI-001,Diya,Kanda,Diya Kanda,diyakanda@nineleaps.com,Male,2000-09-03,Intern,5,2016-05-02,1
NL-001,Wahab,Chopra,Wahab Chopra,wahabchopra@nineleaps.com,Female,1998-11-23,Full-Time,6,2024-03-22,2
NLI-002,Gopal,Deep,Gopal Deep,gopaldeep@nineleaps.com,Female,2000-04-20,Intern,10,2017-06-23,2
NL-002,Eta,Saha,Eta Saha,etasaha@nineleaps.com,Female,1983-03-12,Full-Time,2,2016-05-29,1
NL-003,Sanya,Salvi,Sanya Salvi,sanyasalvi@nineleaps.com,Female,1999-06-27,Full-Time,8,2019-11-01,2
NL-004,Vidhi,Deep,Vidhi Deep,vidhideep@nineleaps.com,Female,1995-05-07,Full-Time,12,2024-03-20,1
NL-005,Bhavika,Roy,Bhavika Roy,bhavikaroy@nineleaps.com,Male,1994-06-13,Full-Time,4,2018-03-03,2
NL-006,Ethan,Mand,Ethan Mand,ethanmand@nineleaps.com,Male,1998-12-04,Full-Time,7,2017-07-01,1
NL-007,Balhaar,Sabharwal,Balhaar Sabharwal,balhaarsabharwal@nineleaps.com,Female,1991-03-03,Full-Time,12,2024-03-13,2
NL-008,Kamala,Karpe,Kamala Karpe,kamalakarpe@nineleaps.com,Male,1975-01-09,Full-Time,4,2021-09-05,1
NL-009,Dayita,Handa,Dayita Handa,dayitahanda@nineleaps.com,Male,1993-09-10,Full-Time,12,2021-02-14,2
NL-010,Dipta,Khurana,Dipta Khurana,diptakhurana@nineleaps.com,Female,1989-07-14,Full-Time,5,2019-09-01,1
NL-011,Prisha,Keer,Prisha Keer,prishakeer@nineleaps.com,Female,1989-03-03,Full-Time,12,2024-05-10,1
NL-012,Chandresh,Chander,Chandresh Chander,chandreshchander@nineleaps.com,Male,1989-11-27,Full-Time,12,2020-01-23,1
NL-013,Christopher,Zachariah,Christopher Zachariah,christopherzachariah@nineleaps.com,Female,1983-12-13,Full-Time,2,2021-11-10,2
NL-014,Advik,Banerjee,Advik Banerjee,advikbanerjee@nineleaps.com,Female,1989-12-13,Full-Time,7,2015-03-31,2
NLI-003,Omya,Nori,Omya Nori,omyanori@nineleaps.com,Male,2003-10-03,Intern,11,2018-03-15,2
NL-015,Yoshita,Chokshi,Yoshita Chokshi,yoshitachokshi@nineleaps.com,Female,1994-09-18,Full-Time,12,2019-06-17,2
NL-016,Ekantika,Nagar,Ekantika Nagar,ekantikanagar@nineleaps.com,Male,1983-05-18,Full-Time,4,2020-03-29,2
NL-017,Vedant,Kapur,Vedant Kapur,vedantkapur@nineleaps.com,Female,1985-02-12,Full-Time,6,2018-05-06,1
NL-018,Anay,Andra,Anay Andra,anayandra@nineleaps.com,Female,1985-07-02,Full-Time,4,2016-12-02,2
NL-019,Yoshita,Brahmbhatt,Yoshita Brahmbhatt,yoshitabrahmbhatt@nineleaps.com,Female,1977-06-04,Full-Time,2,2023-10-17,2
NL-020,Brijesh,Murthy,Brijesh Murthy,brijeshmurthy@nineleaps.com,Female,1990-04-30,Full-Time,7,2021-07-06,2
NL-021,Rayaan,Rana,Rayaan Rana,rayaanrana@nineleaps.com,Female,1976-01-28,Full-Time,6,2016-10-20,2
NL-022,Advay,Banerjee,Advay Banerjee,advaybanerjee@nineleaps.com,Female,1999-06-07,Full-Time,9,2018-03-05,2
NLI-004,Madhav,Dhar,Madhav Dhar,madhavdhar@nineleaps.com,Male,2001-03-21,Intern,1,2016-04-28,1
NL-023,Gauri,Wali,Gauri Wali,gauriwali@nineleaps.com,Female,1998-02-12,Full-Time,1,2019-04-19,1
NL-024,Aradhana,Chana,Aradhana Chana,aradhanachana@nineleaps.com,Male,1986-01-25,Full-Time,6,2020-03-05,2
NL-025,Siddharth,Kapur,Siddharth Kapur,siddharthkapur@nineleaps.com,Male,1978-11-13,Full-Time,3,2016-06-02,1
NL-026,Ira,Gopal,Ira Gopal,iragopal@nineleaps.com,Female,1989-08-06,Full-Time,6,2021-08-15,2
NL-027,Vrinda,Bora,Vrinda Bora,vrindabora@nineleaps.com,Male,1985-02-20,Full-Time,1,2015-07-08,1
NL-028,Tanmayi,Chahal,Tanmayi Chahal,tanmayichahal@nineleaps.com,Male,1994-05-25,Full-Time,6,2018-02-10,1
NL-029,Chandran,Chaudhry,Chandran Chaudhry,chandranchaudhry@nineleaps.com,Female,1994-03-04,Full-Time,6,2017-12-22,2
NL-030,Pushti,Master,Pushti Master,pushtimaster@nineleaps.com,Female,1975-08-09,Full-Time,12,2018-09-15,2
NL-031,Rajeshri,Korpal,Rajeshri Korpal,rajeshrikorpal@nineleaps.com,Female,1985-11-19,Full-Time,1,2014-12-03,1
NL-032,Ekbal,Tak,Ekbal Tak,ekbaltak@nineleaps.com,Female,1981-02-10,Full-Time,2,2022-06-13,1
NL-033,Devansh,Salvi,Devansh Salvi,devanshsalvi@nineleaps.com,Male,1990-08-26,Full-Time,8,2021-08-24,2
NL-034,Harita,Khurana,Harita Khurana,haritakhurana@nineleaps.com,Female,1977-01-24,Full-Time,6,2018-02-05,1
NL-035,Quincy,De,Quincy De,quincyde@nineleaps.com,Female,1986-10-02,Full-Time,2,2023-01-01,1
NL-036,Girik,Chakrabarti,Girik Chakrabarti,girikchakrabarti@nineleaps.com,Female,2000-03-16,Full-Time,11,2015-10-11,2
NLI-005,Ekbal,Kakar,Ekbal Kakar,ekbalkakar@nineleaps.com,Male,2002-12-18,Intern,4,2017-04-02,2
NLI-006,Reva,Baral,Reva Baral,revabaral@nineleaps.com,Female,2000-01-20,Intern,4,2017-02-01,1
NL-037,Lajita,Mody,Lajita Mody,lajitamody@nineleaps.com,Female,2002-02-21,Full-Time,10,2016-10-14,1
NL-038,Imaran,Gulati,Imaran Gulati,imarangulati@nineleaps.com,Male,1998-01-13,Full-Time,9,2023-07-25,1
NL-039,Mason,De,Mason De,masonde@nineleaps.com,Female,1983-11-01,Full-Time,12,2015-06-01,1
NL-040,Nathan,Sane,Nathan Sane,nathansane@nineleaps.com,Male,1979-12-06,Full-Time,7,2015-02-03,1
NL-041,Qadim,Walla,Qadim Walla,qadimwalla@nineleaps.com,Female,1995-10-31,Full-Time,2,2015-06-30,1
NLI-007,Vincent,Bir,Vincent Bir,vincentbir@nineleaps.com,Male,2004-03-22,Intern,2,2020-04-27,2
NL-042,Unni,Rajagopal,Unni Rajagopal,unnirajagopal@nineleaps.com,Male,2003-10-24,Full-Time,10,2017-09-15,1
NL-043,Aarush,Barad,Aarush Barad,aarushbarad@nineleaps.com,Female,1986-06-27,Full-Time,10,2016-05-08,1
NLI-008,Kabir,Ramaswamy,Kabir Ramaswamy,kabirramaswamy@nineleaps.com,Female,2002-06-24,Intern,11,2020-03-19,1
NL-044,Abha,Edwin,Abha Edwin,abhaedwin@nineleaps.com,Male,1992-02-22,Full-Time,8,2023-10-07,1
NL-045,Kalpit,Pillai,Kalpit Pillai,kalpitpillai@nineleaps.com,Male,1984-07-06,Full-Time,7,2022-01-17,1
NL-046,Januja,Goswami,Januja Goswami,janujagoswami@nineleaps.com,Male,2003-07-11,Full-Time,11,2023-08-14,2
NL-047,Madhavi,Cheema,Madhavi Cheema,madhavicheema@nineleaps.com,Male,1992-05-04,Full-Time,5,2016-10-25,1
NL-048,Kritika,Kaul,Kritika Kaul,kritikakaul@nineleaps.com,Female,1980-01-19,Full-Time,12,2022-07-14,1
NL-049,Yoshita,Kadakia,Yoshita Kadakia,yoshitakadakia@nineleaps.com,Female,1999-12-08,Full-Time,10,2024-04-29,2
NL-050,Jatin,Borra,Jatin Borra,jatinborra@nineleaps.com,Male,1989-12-25,Full-Time,7,2019-04-01,2
NL-051,Reva,Mangat,Reva Mangat,revamangat@nineleaps.com,Female,1994-11-24,Full-Time,6,2016-10-16,1
NL-052,Bachittar,Chaudhuri,Bachittar Chaudhuri,bachittarchaudhuri@nineleaps.com,Male,1997-07-21,Full-Time,2,2016-12-22,1
NLI-009,Harsh,Ranganathan,Harsh Ranganathan,harshranganathan@nineleaps.com,Male,2002-12-04,Intern,12,2024-07-22,1
NL-053,Yatan,Peri,Yatan Peri,yatanperi@nineleaps.com,Male,1994-05-01,Full-Time,10,2024-06-11,2
NL-054,Siddharth,Ramaswamy,Siddharth Ramaswamy,siddharthramaswamy@nineleaps.com,Male,1994-07-26,Full-Time,5,2017-09-26,2
NL-055,Avi,Mitra,Avi Mitra,avimitra@nineleaps.com,Female,1996-07-18,Full-Time,4,2021-11-08,2
NL-056,Gagan,Krishnamurthy,Gagan Krishnamurthy,gagankrishnamurthy@nineleaps.com,Female,1993-11-16,Full-Time,3,2016-11-05,2
NL-057,Lakshmi,Kibe,Lakshmi Kibe,lakshmikibe@nineleaps.com,Male,1983-06-14,Full-Time,7,2021-07-30,2
NL-058,Anjali,Hayre,Anjali Hayre,anjalihayre@nineleaps.com,Female,1984-08-18,Full-Time,1,2014-10-29,2
NLI-010,Balveer,Goel,Balveer Goel,balveergoel@nineleaps.com,Female,2000-02-19,Intern,11,2019-03-15,2
NL-059,Ishanvi,Batta,Ishanvi Batta,ishanvibatta@nineleaps.com,Female,1977-10-30,Full-Time,3,2016-09-10,2
NL-060,Neelima,Goyal,Neelima Goyal,neelimagoyal@nineleaps.com,Female,1980-11-16,Full-Time,12,2021-01-08,2
NL-061,Vrishti,Chand,Vrishti Chand,vrishtichand@nineleaps.com,Male,1999-07-20,Full-Time,7,2024-12-26,1
NLI-011,Yashasvi,Virk,Yashasvi Virk,yashasvivirk@nineleaps.com,Male,2003-09-08,Intern,1,2018-12-17,2
NL-062,Dakshesh,Memon,Dakshesh Memon,daksheshmemon@nineleaps.com,Female,1996-03-24,Full-Time,1,2023-07-31,1
NL-063,Ryan,Lad,Ryan Lad,ryanlad@nineleaps.com,Male,1986-11-13,Full-Time,2,2014-11-28,1
NL-064,Mekhala,Deshpande,Mekhala Deshpande,mekhaladeshpande@nineleaps.com,Female,1995-10-05,Full-Time,3,2018-09-15,1
NLI-012,Siya,Sahni,Siya Sahni,siyasahni@nineleaps.com,Female,2002-05-06,Intern,7,2020-08-13,1
NL-065,Vinaya,Lala,Vinaya Lala,vinayalala@nineleaps.com,Male,1976-08-17,Full-Time,10,2020-02-22,1
NL-066,Radha,Mani,Radha Mani,radhamani@nineleaps.com,Female,2003-11-20,Full-Time,2,2024-11-16,2
NL-067,Pavani,Madan,Pavani Madan,pavanimadan@nineleaps.com,Female,1989-10-31,Full-Time,9,2020-06-15,1
NL-068,Yochana,Sami,Yochana Sami,yochanasami@nineleaps.com,Female,1995-07-26,Full-Time,11,2017-12-27,1
NL-069,Brinda,Varma,Brinda Varma,brindavarma@nineleaps.com,Female,2002-06-16,Full-Time,6,2023-07-12,1
NL-070,Yashasvi,Bir,Yashasvi Bir,yashasvibir@nineleaps.com,Male,1996-08-30,Full-Time,4,2016-12-03,1
NL-071,Upkaar,Hora,Upkaar Hora,upkaarhora@nineleaps.com,Male,2001-03-14,Full-Time,6,2018-02-28,1
NL-072,Darika,Karan,Darika Karan,darikakaran@nineleaps.com,Male,1980-09-19,Full-Time,4,2016-11-01,1
NL-073,Vihaan,Din,Vihaan Din,vihaandin@nineleaps.com,Female,1997-01-09,Full-Time,5,2021-06-07,1
NL-074,Riya,Pall,Riya Pall,riyapall@nineleaps.com,Female,1984-03-17,Full-Time,6,2018-12-30,2
NL-075,Aarush,Mukherjee,Aarush Mukherjee,aarushmukherjee@nineleaps.com,Female,1989-11-16,Full-Time,12,2017-09-08,2
NL-076,Yagnesh,Sabharwal,Yagnesh Sabharwal,yagneshsabharwal@nineleaps.com,Female,1975-03-26,Full-Time,12,2014-05-14,2
NL-077,Kevin,Mammen,Kevin Mammen,kevinmammen@nineleaps.com,Male,1983-07-21,Full-Time,7,2014-11-11,2
NLI-013,Oni,Narayanan,Oni Narayanan,oninarayanan@nineleaps.com,Male,2004-12-10,Intern,2,2021-02-25,2
NL-078,Tristan,Patil,Tristan Patil,tristanpatil@nineleaps.com,Male,1980-04-15,Full-Time,2,2016-06-24,1
NL-079,Unnati,Chauhan,Unnati Chauhan,unnatichauhan@nineleaps.com,Male,1998-08-25,Full-Time,2,2024-10-09,1
NL-080,Falan,Rattan,Falan Rattan,falanrattan@nineleaps.com,Male,1981-01-12,Full-Time,4,2015-04-06,1
NL-081,Yashoda,Singh,Yashoda Singh,yashodasingh@nineleaps.com,Female,1977-07-06,Full-Time,11,2015-08-01,1
NL-082,Ridhi,Chadha,Ridhi Chadha,ridhichadha@nineleaps.com,Female,1998-04-07,Full-Time,9,2020-02-14,1
NL-083,Yash,Murthy,Yash Murthy,yashmurthy@nineleaps.com,Male,1992-07-24,Full-Time,10,2023-01-10,1
NL-084,Pallavi,Gour,Pallavi Gour,pallavigour@nineleaps.com,Male,1986-01-24,Full-Time,2,2016-07-13,2
NL-085,Krisha,Badami,Krisha Badami,krishabadami@nineleaps.com,Male,1982-10-11,Full-Time,9,2016-09-14,2
NL-086,Qabil,Palan,Qabil Palan,qabilpalan@nineleaps.com,Male,2000-12-21,Full-Time,3,2020-08-28,1
NL-087,Peter,Chanda,Peter Chanda,peterchanda@nineleaps.com,Male,1984-05-04,Full-Time,12,2016-05-30,1
NL-088,Upma,Madan,Upma Madan,upmamadan@nineleaps.com,Female,1980-03-30,Full-Time,1,2017-05-06,1
NL-089,Umang,Nori,Umang Nori,umangnori@nineleaps.com,Female,1994-05-24,Full-Time,9,2014-10-12,1
NL-090,Janani,Sagar,Janani Sagar,jananisagar@nineleaps.com,Male,1994-10-04,Full-Time,8,2024-06-28,2
NL-091,Theodore,Kumer,Theodore Kumer,theodorekumer@nineleaps.com,Female,2000-09-21,Full-Time,8,2020-10-22,1
NL-092,Ekansh,Srivastava,Ekansh Srivastava,ekanshsrivastava@nineleaps.com,Male,1985-11-05,Full-Time,4,2018-02-05,1
NL-093,Gautami,Bhalla,Gautami Bhalla,gautamibhalla@nineleaps.com,Male,1993-01-25,Full-Time,12,2022-12-06,2
NL-094,Rohan,Mishra,Rohan Mishra,rohanmishra@nineleaps.com,Female,1992-12-08,Full-Time,4,2016-06-06,1
NL-095,Gaurav,Oza,Gaurav Oza,gauravoza@nineleaps.com,Male,2002-06-20,Full-Time,8,2024-05-14,1
NLI-014,Ishita,Doctor,Ishita Doctor,ishitadoctor@nineleaps.com,Female,2003-07-23,Intern,1,2014-08-01,1
NL-096,Harinakshi,Raj,Harinakshi Raj,harinakshiraj@nineleaps.com,Male,1987-11-04,Full-Time,11,2021-12-06,2
NL-097,Robert,Lall,Robert Lall,robertlall@nineleaps.com,Male,2000-05-02,Full-Time,4,2018-02-03,2
NL-098,Owen,Suri,Owen Suri,owensuri@nineleaps.com,Male,1975-07-12,Full-Time,5,2023-05-25,2
NLI-015,Xalak,Muni,Xalak Muni,xalakmuni@nineleaps.com,Female,2002-06-12,Intern,8,2018-01-13,1
NL-099,Jai,Dixit,Jai Dixit,jaidixit@nineleaps.com,Male,1990-12-04,Full-Time,7,2020-06-10,1
NL-100,Tanvi,Prakash,Tanvi Prakash,tanviprakash@nineleaps.com,Male,1996-11-28,Full-Time,11,2019-12-30,1
NL-101,Arya,Bhat,Arya Bhat,aryabhat@nineleaps.com,Male,1997-02-11,Full-Time,10,2015-06-09,1
NL-102,Bina,Varty,Bina Varty,binavarty@nineleaps.com,Male,1976-10-13,Full-Time,10,2014-06-20,2
NL-103,Eshana,Saha,Eshana Saha,eshanasaha@nineleaps.com,Male,1979-03-24,Full-Time,1,2014-09-15,1
NL-104,Indira,Ganesh,Indira Ganesh,indiraganesh@nineleaps.com,Female,1982-09-28,Full-Time,5,2021-08-23,2
NLI-016,Dayita,Bobal,Dayita Bobal,dayitabobal@nineleaps.com,Male,2004-06-30,Intern,6,2021-12-16,2
NL-105,Shivani,Bhasin,Shivani Bhasin,shivanibhasin@nineleaps.com,Male,2003-07-22,Full-Time,3,2016-12-22,1
NL-106,Kala,De,Kala De,kalade@nineleaps.com,Male,1976-01-06,Full-Time,11,2019-12-15,2
NLI-017,Bachittar,Pillay,Bachittar Pillay,bachittarpillay@nineleaps.com,Female,2003-05-15,Intern,4,2018-01-11,1
NL-107,Darsh,Sawhney,Darsh Sawhney,darshsawhney@nineleaps.com,Female,1983-12-20,Full-Time,12,2023-06-12,1
NL-108,Jonathan,Wadhwa,Jonathan Wadhwa,jonathanwadhwa@nineleaps.com,Male,1976-04-26,Full-Time,4,2018-01-10,1
NLI-018,Neel,Balay,Neel Balay,neelbalay@nineleaps.com,Female,2000-01-01,Intern,9,2022-06-29,2
NL-109,Christopher,Sankaran,Christopher Sankaran,christophersankaran@nineleaps.com,Female,2001-12-02,Full-Time,9,2021-12-12,2
NL-110,Hitesh,Krish,Hitesh Krish,hiteshkrish@nineleaps.com,Male,1999-12-29,Full-Time,3,2024-07-17,1
NL-111,Luke,Keer,Luke Keer,lukekeer@nineleaps.com,Male,1987-05-30,Full-Time,2,2024-03-20,1
NL-112,Isha,Golla,Isha Golla,ishagolla@nineleaps.com,Female,1981-08-09,Full-Time,10,2017-03-05,2
NL-113,Jagat,Oak,Jagat Oak,jagatoak@nineleaps.com,Female,2003-10-04,Full-Time,6,2014-03-27,1
NL-114,Anmol,Saha,Anmol Saha,anmolsaha@nineleaps.com,Male,1997-02-24,Full-Time,3,2014-06-30,2
NL-115,Lopa,Narasimhan,Lopa Narasimhan,lopanarasimhan@nineleaps.com,Male,1997-04-08,Full-Time,4,2017-01-22,2
NL-116,Amara,Choudhry,Amara Choudhry,amarachoudhry@nineleaps.com,Male,1997-10-29,Full-Time,4,2024-10-29,1
NL-117,Zarna,Wali,Zarna Wali,zarnawali@nineleaps.com,Male,2002-09-12,Full-Time,8,2018-05-23,1
NL-118,Chaman,Warrior,Chaman Warrior,chamanwarrior@nineleaps.com,Female,1990-08-26,Full-Time,2,2020-09-20,1
NL-119,Harsh,Tella,Harsh Tella,harshtella@nineleaps.com,Male,1981-07-02,Full-Time,6,2020-05-29,2
NL-120,Dalaja,Mistry,Dalaja Mistry,dalajamistry@nineleaps.com,Female,1980-01-02,Full-Time,3,2020-10-06,2
NL-121,Falguni,Doshi,Falguni Doshi,falgunidoshi@nineleaps.com,Male,1987-07-13,Full-Time,7,2018-12-12,1
NL-122,Nikita,Bhatnagar,Nikita Bhatnagar,nikitabhatnagar@nineleaps.com,Male,1997-02-06,Full-Time,7,2018-08-27,2
NL-123,Atharv,Kade,Atharv Kade,atharvkade@nineleaps.com,Male,1993-04-14,Full-Time,4,2022-06-02,1
NL-124,Ishaan,Deol,Ishaan Deol,ishaandeol@nineleaps.com,Male,1994-05-05,Full-Time,10,2023-02-11,2
NLI-019,Bishakha,Lata,Bishakha Lata,bishakhalata@nineleaps.com,Female,2003-04-06,Intern,4,2022-12-10,2
NLI-020,Sanaya,Krishnamurthy,Sanaya Krishnamurthy,sanayakrishnamurthy@nineleaps.com,Male,2003-04-20,Intern,5,2020-11-18,1
NL-125,Vrishti,Sood,Vrishti Sood,vrishtisood@nineleaps.com,Female,1978-02-06,Full-Time,10,2014-04-12,2
NL-126,Bhavika,Madan,Bhavika Madan,bhavikamadan@nineleaps.com,Female,1995-05-10,Full-Time,9,2014-04-04,2
NL-127,Sneha,Kalita,Sneha Kalita,snehakalita@nineleaps.com,Male,1993-02-10,Full-Time,3,2018-01-23,2
NL-128,Jai,Srinivas,Jai Srinivas,jaisrinivas@nineleaps.com,Male,1994-06-13,Full-Time,9,2018-01-27,1
NL-129,Pavani,Krishnan,Pavani Krishnan,pavanikrishnan@nineleaps.com,Female,2001-08-27,Full-Time,12,2017-03-22,1
NL-130,Wazir,Loke,Wazir Loke,wazirloke@nineleaps.com,Female,1987-12-06,Full-Time,10,2016-10-25,2
NL-131,Lajita,Mandal,Lajita Mandal,lajitamandal@nineleaps.com,Female,1999-05-07,Full-Time,4,2014-10-13,1
NL-132,Andrew,Jayaraman,Andrew Jayaraman,andrewjayaraman@nineleaps.com,Female,2002-01-05,Full-Time,5,2024-12-08,2
NL-133,Anya,Garde,Anya Garde,anyagarde@nineleaps.com,Female,1998-10-15,Full-Time,9,2020-06-06,1
NL-134,Warinder,Devi,Warinder Devi,warinderdevi@nineleaps.com,Female,1998-02-26,Full-Time,5,2017-01-27,1
NL-135,Ayushman,Dave,Ayushman Dave,ayushmandave@nineleaps.com,Male,2001-11-10,Full-Time,6,2020-08-21,1
NL-136,Faqid,Mutti,Faqid Mutti,faqidmutti@nineleaps.com,Male,1987-09-15,Full-Time,6,2018-08-30,2
NL-137,Baljiwan,Chander,Baljiwan Chander,baljiwanchander@nineleaps.com,Male,1979-03-05,Full-Time,4,2023-09-20,1
NLI-021,Ekantika,Gola,Ekantika Gola,ekantikagola@nineleaps.com,Female,2001-08-23,Intern,10,2024-12-19,1
NL-138,Pranit,Gaba,Pranit Gaba,pranitgaba@nineleaps.com,Female,2002-09-02,Full-Time,11,2022-09-14,2
NL-139,Faras,Raman,Faras Raman,farasraman@nineleaps.com,Male,1994-08-31,Full-Time,10,2023-05-21,1
NLI-022,Omya,Reddy,Omya Reddy,omyareddy@nineleaps.com,Male,2000-07-29,Intern,4,2016-11-11,2
NL-140,Lucky,Sampath,Lucky Sampath,luckysampath@nineleaps.com,Male,1975-10-04,Full-Time,6,2015-09-01,1
NL-141,Abeer,Uppal,Abeer Uppal,abeeruppal@nineleaps.com,Female,1977-10-27,Full-Time,6,2017-10-02,2
NL-142,Harish,Grewal,Harish Grewal,harishgrewal@nineleaps.com,Male,1991-08-05,Full-Time,10,2022-08-28,1
NL-143,Umang,Ghosh,Umang Ghosh,umangghosh@nineleaps.com,Female,1999-11-19,Full-Time,8,2015-03-25,1
NL-144,Chatura,Bath,Chatura Bath,chaturabath@nineleaps.com,Male,1989-08-12,Full-Time,6,2022-03-10,1
NL-145,Ubika,Contractor,Ubika Contractor,ubikacontractor@nineleaps.com,Female,1993-10-20,Full-Time,5,2018-03-12,1
NL-146,Eta,Om,Eta Om,etaom@nineleaps.com,Male,2003-11-24,Full-Time,7,2014-04-16,1
NLI-023,Ishaan,Som,Ishaan Som,ishaansom@nineleaps.com,Female,2004-06-22,Intern,8,2019-05-26,1
NL-147,Azaan,Muni,Azaan Muni,azaanmuni@nineleaps.com,Female,1987-02-09,Full-Time,3,2015-08-27,2
NL-148,Abhimanyu,Gopal,Abhimanyu Gopal,abhimanyugopal@nineleaps.com,Female,1999-09-27,Full-Time,2,2018-01-14,2
NL-149,Zaid,Balasubramanian,Zaid Balasubramanian,zaidbalasubramanian@nineleaps.com,Female,1987-12-18,Full-Time,9,2014-01-20,1
NL-150,Robert,Bedi,Robert Bedi,robertbedi@nineleaps.com,Female,1976-02-14,Full-Time,3,2023-09-14,2
NL-151,Megha,Sundaram,Megha Sundaram,meghasundaram@nineleaps.com,Male,1989-12-12,Full-Time,4,2014-11-20,1
NL-152,Vrishti,Chacko,Vrishti Chacko,vrishtichacko@nineleaps.com,Female,1982-08-14,Full-Time,6,2017-09-20,1
NL-153,Nisha,Sule,Nisha Sule,nishasule@nineleaps.com,Male,2003-04-01,Full-Time,11,2014-06-25,2
NL-154,Lipika,Chandran,Lipika Chandran,lipikachandran@nineleaps.com,Female,1977-07-09,Full-Time,5,2024-11-21,2
NL-155,Yasti,Naidu,Yasti Naidu,yastinaidu@nineleaps.com,Female,1991-07-10,Full-Time,5,2015-12-15,2
NLI-024,Saanvi,Chahal,Saanvi Chahal,saanvichahal@nineleaps.com,Male,2003-08-25,Intern,4,2015-06-22,2
NLI-025,Dominic,Wable,Dominic Wable,dominicwable@nineleaps.com,Male,2001-12-01,Intern,9,2020-08-26,1
NL-156,Girindra,Tella,Girindra Tella,girindratella@nineleaps.com,Male,1988-01-26,Full-Time,12,2024-02-28,2
NL-157,Widisha,Vala,Widisha Vala,widishavala@nineleaps.com,Female,1996-01-11,Full-Time,11,2020-09-27,2
NLI-026,Logan,Rattan,Logan Rattan,loganrattan@nineleaps.com,Male,2002-08-15,Intern,5,2019-09-18,2
NL-158,Panini,Hari,Panini Hari,paninihari@nineleaps.com,Female,1996-04-10,Full-Time,4,2024-04-12,2
NLI-027,Mugdha,Nazareth,Mugdha Nazareth,mugdhanazareth@nineleaps.com,Female,2000-04-08,Intern,7,2022-05-23,2
NL-159,Kashish,Chahal,Kashish Chahal,kashishchahal@nineleaps.com,Male,2001-11-29,Full-Time,12,2019-10-31,1
NL-160,Chanchal,Kapoor,Chanchal Kapoor,chanchalkapoor@nineleaps.com,Female,1984-08-17,Full-Time,5,2015-12-15,2
NLI-028,Faras,Gole,Faras Gole,farasgole@nineleaps.com,Female,2001-04-23,Intern,4,2021-02-19,1
NL-161,Balhaar,Pau,Balhaar Pau,balhaarpau@nineleaps.com,Female,1996-01-21,Full-Time,11,2015-10-14,2
NL-162,Aarnav,Mistry,Aarnav Mistry,aarnavmistry@nineleaps.com,Female,1991-07-17,Full-Time,12,2022-07-27,1
NL-163,Saanvi,Mohanty,Saanvi Mohanty,saanvimohanty@nineleaps.com,Male,1987-08-20,Full-Time,4,2023-02-07,2
NL-164,Anya,Palla,Anya Palla,anyapalla@nineleaps.com,Male,1999-09-11,Full-Time,7,2022-06-03,2
NLI-029,Xalak,Mitra,Xalak Mitra,xalakmitra@nineleaps.com,Female,2001-04-13,Intern,1,2015-11-04,1
NL-165,Ekta,Warrior,Ekta Warrior,ektawarrior@nineleaps.com,Male,1975-10-10,Full-Time,12,2022-10-06,1
NLI-030,Nathaniel,Arora,Nathaniel Arora,nathanielarora@nineleaps.com,Male,2004-02-28,Intern,6,2016-05-27,2
NL-166,Qasim,Boase,Qasim Boase,qasimboase@nineleaps.com,Female,1983-08-18,Full-Time,3,2021-05-17,2
NL-167,Yashvi,Lad,Yashvi Lad,yashvilad@nineleaps.com,Male,1981-10-29,Full-Time,1,2024-08-26,2
NL-168,Akshay,Murty,Akshay Murty,akshaymurty@nineleaps.com,Female,1983-03-15,Full-Time,12,2016-11-12,1
NL-169,Riya,Solanki,Riya Solanki,riyasolanki@nineleaps.com,Female,2000-01-31,Full-Time,8,2015-05-15,2
NL-170,Fariq,Dewan,Fariq Dewan,fariqdewan@nineleaps.com,Female,1984-06-05,Full-Time,8,2015-12-09,1
NLI-031,Arjun,Pillai,Arjun Pillai,arjunpillai@nineleaps.com,Male,2003-11-06,Intern,7,2023-02-05,2
NL-171,Yoshita,Mohanty,Yoshita Mohanty,yoshitamohanty@nineleaps.com,Male,1983-12-04,Full-Time,4,2015-01-24,2
NL-172,Lila,Sha,Lila Sha,lilasha@nineleaps.com,Female,1989-01-17,Full-Time,3,2018-03-10,2
NLI-032,Hritik,Patil,Hritik Patil,hritikpatil@nineleaps.com,Female,2002-12-15,Intern,12,2022-01-31,1
NL-173,Jagvi,Narain,Jagvi Narain,jagvinarain@nineleaps.com,Female,1987-05-11,Full-Time,1,2023-07-29,1
NL-174,Harita,Tata,Harita Tata,haritatata@nineleaps.com,Male,2003-02-13,Full-Time,5,2019-12-17,2
NLI-033,Umang,Balay,Umang Balay,umangbalay@nineleaps.com,Female,2001-08-03,Intern,9,2023-08-14,1
NL-175,Vedika,Seth,Vedika Seth,vedikaseth@nineleaps.com,Male,1978-01-20,Full-Time,3,2022-07-01,1
NL-176,Owen,Batta,Owen Batta,owenbatta@nineleaps.com,Female,1982-01-09,Full-Time,2,2018-02-25,2
NL-177,Arin,Sengupta,Arin Sengupta,arinsengupta@nineleaps.com,Male,1976-12-31,Full-Time,10,2023-11-28,1
NL-178,Gaurav,Parmer,Gaurav Parmer,gauravparmer@nineleaps.com,Male,1995-02-03,Full-Time,12,2014-01-18,1
NL-179,Anjali,Bhattacharyya,Anjali Bhattacharyya,anjalibhattacharyya@nineleaps.com,Female,1991-04-19,Full-Time,4,2022-02-02,2
NL-180,Mohammed,Som,Mohammed Som,mohammedsom@nineleaps.com,Female,1999-04-27,Full-Time,5,2017-01-20,2
NL-181,Maanas,Babu,Maanas Babu,maanasbabu@nineleaps.com,Male,1994-01-07,Full-Time,4,2014-10-04,2
NL-182,Ishita,Bal,Ishita Bal,ishitabal@nineleaps.com,Male,1995-01-30,Full-Time,9,2016-11-02,1
NL-183,Aarnav,Hora,Aarnav Hora,aarnavhora@nineleaps.com,Female,1994-06-25,Full-Time,4,2020-08-06,2
NL-184,Alka,Mukherjee,Alka Mukherjee,alkamukherjee@nineleaps.com,Female,1979-01-31,Full-Time,8,2016-05-23,2
NL-185,Zaitra,Bumb,Zaitra Bumb,zaitrabumb@nineleaps.com,Male,1999-04-01,Full-Time,4,2019-10-10,1
NL-186,Max,Nagarajan,Max Nagarajan,maxnagarajan@nineleaps.com,Female,1993-01-11,Full-Time,5,2022-02-14,2
NL-187,Kamya,Mody,Kamya Mody,kamyamody@nineleaps.com,Male,1992-12-14,Full-Time,5,2016-04-27,1
NL-188,Sanya,Lall,Sanya Lall,sanyalall@nineleaps.com,Female,1990-01-29,Full-Time,8,2021-07-25,2
NLI-034,Advay,Saran,Advay Saran,advaysaran@nineleaps.com,Male,2000-01-11,Intern,4,2020-08-21,1
NL-189,Champak,Sidhu,Champak Sidhu,champaksidhu@nineleaps.com,Male,1985-11-18,Full-Time,1,2024-07-23,1
NL-190,Amara,Chanda,Amara Chanda,amarachanda@nineleaps.com,Female,1998-11-27,Full-Time,10,2018-12-15,1
NL-191,Ikshita,Golla,Ikshita Golla,ikshitagolla@nineleaps.com,Female,2002-10-17,Full-Time,2,2019-02-06,2
NL-192,Rachita,Bassi,Rachita Bassi,rachitabassi@nineleaps.com,Female,1977-03-11,Full-Time,12,2016-06-10,1
NL-193,Andrew,Kar,Andrew Kar,andrewkar@nineleaps.com,Male,1976-05-24,Full-Time,12,2024-01-06,2
NL-194,Anamika,Wason,Anamika Wason,anamikawason@nineleaps.com,Female,1986-11-18,Full-Time,3,2015-05-10,2
NL-195,Tanish,Joshi,Tanish Joshi,tanishjoshi@nineleaps.com,Male,1980-07-09,Full-Time,12,2023-08-07,2
NL-196,Chasmum,Ramakrishnan,Chasmum Ramakrishnan,chasmumramakrishnan@nineleaps.com,Male,1997-05-23,Full-Time,6,2019-11-06,1
NL-197,Gagan,Goda,Gagan Goda,gagangoda@nineleaps.com,Female,1994-02-25,Full-Time,11,2018-05-13,2
NL-198,Advik,Zacharia,Advik Zacharia,advikzacharia@nineleaps.com,Male,1978-02-28,Full-Time,12,2023-05-12,2
NL-199,Sai,Kala,Sai Kala,saikala@nineleaps.com,Female,1981-09-25,Full-Time,9,2020-11-12,1
NL-200,Hritik,Kapadia,Hritik Kapadia,hritikkapadia@nineleaps.com,Female,1975-07-03,Full-Time,11,2021-02-08,2
NL-201,Damyanti,Bhalla,Damyanti Bhalla,damyantibhalla@nineleaps.com,Male,1983-12-02,Full-Time,7,2017-02-10,2
NL-202,Chavvi,Bahri,Chavvi Bahri,chavvibahri@nineleaps.com,Female,1975-01-28,Full-Time,3,2019-07-21,1
NL-203,Anvi,Tak,Anvi Tak,anvitak@nineleaps.com,Female,1989-11-07,Full-Time,5,2015-09-21,2
NL-204,Urvashi,Chaudhari,Urvashi Chaudhari,urvashichaudhari@nineleaps.com,Female,1994-04-17,Full-Time,8,2016-04-16,1
NL-205,Pushti,Shankar,Pushti Shankar,pushtishankar@nineleaps.com,Female,2000-12-22,Full-Time,3,2020-09-21,1
NL-206,Yoshita,Madan,Yoshita Madan,yoshitamadan@nineleaps.com,Male,1979-10-22,Full-Time,6,2017-03-19,1
NL-207,Forum,Dhaliwal,Forum Dhaliwal,forumdhaliwal@nineleaps.com,Male,1977-09-13,Full-Time,9,2023-05-05,1
NL-208,Krishna,Reddy,Krishna Reddy,krishnareddy@nineleaps.com,Female,1995-02-11,Full-Time,10,2018-11-07,2
NL-209,Idika,Johal,Idika Johal,idikajohal@nineleaps.com,Male,2003-04-11,Full-Time,8,2014-07-17,1
NL-210,Barkha,Mody,Barkha Mody,barkhamody@nineleaps.com,Male,1987-04-12,Full-Time,5,2016-11-17,2
NL-211,Ikshita,Virk,Ikshita Virk,ikshitavirk@nineleaps.com,Female,1995-01-04,Full-Time,5,2021-08-15,1
NLI-035,Hamsini,Shenoy,Hamsini Shenoy,hamsinishenoy@nineleaps.com,Male,2001-05-19,Intern,10,2017-03-27,1
NL-212,Charita,Majumdar,Charita Majumdar,charitamajumdar@nineleaps.com,Male,1993-03-27,Full-Time,2,2017-07-29,1
NLI-036,Avni,Ratta,Avni Ratta,avniratta@nineleaps.com,Male,2002-07-23,Intern,6,2015-01-11,2
NL-213,Zaitra,Dada,Zaitra Dada,zaitradada@nineleaps.com,Male,1989-04-21,Full-Time,11,2014-10-20,1
NL-214,Logan,Menon,Logan Menon,loganmenon@nineleaps.com,Male,1977-08-23,Full-Time,11,2023-10-15,2
NL-215,Pratyush,Singhal,Pratyush Singhal,pratyushsinghal@nineleaps.com,Female,1998-01-29,Full-Time,4,2016-10-25,2
NL-216,Teerth,Sharma,Teerth Sharma,teerthsharma@nineleaps.com,Female,1979-11-03,Full-Time,9,2016-12-30,2
NL-217,Fiyaz,Anne,Fiyaz Anne,fiyazanne@nineleaps.com,Male,1986-05-02,Full-Time,8,2022-03-31,1
NL-218,Advik,Batra,Advik Batra,advikbatra@nineleaps.com,Female,1994-01-04,Full-Time,8,2018-01-17,2
NL-219,Timothy,Lall,Timothy Lall,timothylall@nineleaps.com,Male,1993-01-28,Full-Time,8,2021-04-30,1
NLI-037,Warhi,Deshmukh,Warhi Deshmukh,warhideshmukh@nineleaps.com,Female,2003-08-16,Intern,6,2019-03-03,2
NL-220,Tanish,Mistry,Tanish Mistry,tanishmistry@nineleaps.com,Female,1984-02-16,Full-Time,4,2017-09-02,2
NL-221,Indrajit,Walla,Indrajit Walla,indrajitwalla@nineleaps.com,Male,1987-06-06,Full-Time,1,2023-09-03,2
NL-222,Viraj,Devi,Viraj Devi,virajdevi@nineleaps.com,Male,1984-10-04,Full-Time,1,2019-12-29,1
NLI-038,Zayan,Amble,Zayan Amble,zayanamble@nineleaps.com,Male,2004-01-05,Intern,12,2016-02-05,1
NLI-039,Bimala,Sahota,Bimala Sahota,bimalasahota@nineleaps.com,Female,2004-06-25,Intern,1,2014-10-03,1
NL-223,Ishwar,Chaudry,Ishwar Chaudry,ishwarchaudry@nineleaps.com,Male,1992-01-28,Full-Time,3,2022-08-11,2
NL-224,Siddharth,Rattan,Siddharth Rattan,siddharthrattan@nineleaps.com,Female,1993-06-07,Full-Time,10,2018-09-13,2
NLI-040,Zayan,Sampath,Zayan Sampath,zayansampath@nineleaps.com,Male,2000-07-08,Intern,1,2024-04-17,2
NL-225,Bina,Mahajan,Bina Mahajan,binamahajan@nineleaps.com,Female,1996-01-12,Full-Time,4,2021-07-06,1
NLI-041,Yatan,Mall,Yatan Mall,yatanmall@nineleaps.com,Female,2002-05-14,Intern,6,2024-07-24,2
NL-226,Hema,Deo,Hema Deo,hemadeo@nineleaps.com,Female,1975-01-24,Full-Time,5,2017-10-24,2
NL-227,Chasmum,Badami,Chasmum Badami,chasmumbadami@nineleaps.com,Male,1992-05-04,Full-Time,5,2017-10-20,2
NL-228,Kevin,Sani,Kevin Sani,kevinsani@nineleaps.com,Male,1983-06-21,Full-Time,12,2017-11-19,1
NL-229,Dakshesh,Nath,Dakshesh Nath,daksheshnath@nineleaps.com,Female,1998-10-05,Full-Time,5,2022-08-28,1
NL-230,Dhriti,Parikh,Dhriti Parikh,dhritiparikh@nineleaps.com,Female,1995-05-20,Full-Time,4,2022-01-10,2
NL-231,Ekapad,Date,Ekapad Date,ekapaddate@nineleaps.com,Male,1989-09-14,Full-Time,9,2016-07-01,1
NL-232,Reyansh,Mand,Reyansh Mand,reyanshmand@nineleaps.com,Male,1975-06-12,Full-Time,8,2022-08-13,1
NL-233,Lavanya,Dugal,Lavanya Dugal,lavanyadugal@nineleaps.com,Female,1996-02-01,Full-Time,5,2024-11-13,2
NL-234,Neelima,Sem,Neelima Sem,neelimasem@nineleaps.com,Male,1975-07-15,Full-Time,8,2022-01-08,2
NL-235,Manya,Sampath,Manya Sampath,manyasampath@nineleaps.com,Female,2003-12-27,Full-Time,9,2017-09-02,1
NL-236,Manya,Venkataraman,Manya Venkataraman,manyavenkataraman@nineleaps.com,Female,1990-01-18,Full-Time,1,2019-02-05,1
NL-237,Unni,Gulati,Unni Gulati,unnigulati@nineleaps.com,Female,1993-04-21,Full-Time,11,2017-08-15,2
NL-238,Rehaan,Thaman,Rehaan Thaman,rehaanthaman@nineleaps.com,Male,2002-07-22,Full-Time,9,2019-09-09,1
NL-239,Jason,Roy,Jason Roy,jasonroy@nineleaps.com,Male,2002-07-09,Full-Time,4,2021-04-29,2
NL-240,David,Sami,David Sami,davidsami@nineleaps.com,Female,1991-11-10,Full-Time,3,2016-09-25,1
NL-241,Nakul,Sarkar,Nakul Sarkar,nakulsarkar@nineleaps.com,Male,1988-09-17,Full-Time,4,2020-03-08,1
NL-242,Saumya,Modi,Saumya Modi,saumyamodi@nineleaps.com,Male,1975-11-18,Full-Time,3,2015-12-20,1
NL-243,Gunbir,Bhatt,Gunbir Bhatt,gunbirbhatt@nineleaps.com,Female,1999-01-31,Full-Time,12,2020-12-31,2
NLI-042,Osha,Bhavsar,Osha Bhavsar,oshabhavsar@nineleaps.com,Male,2003-09-01,Intern,3,2023-02-20,2
NL-244,Karan,Raghavan,Karan Raghavan,karanraghavan@nineleaps.com,Male,1976-04-12,Full-Time,2,2024-06-15,2
NL-245,Jai,Mahajan,Jai Mahajan,jaimahajan@nineleaps.com,Male,1983-08-27,Full-Time,11,2020-08-30,1
NL-246,Ikbal,Sarma,Ikbal Sarma,ikbalsarma@nineleaps.com,Male,1977-10-29,Full-Time,5,2015-06-04,2
NL-247,Ekaraj,Mallick,Ekaraj Mallick,ekarajmallick@nineleaps.com,Female,1981-10-07,Full-Time,7,2014-08-12,2
NL-248,Pooja,Varkey,Pooja Varkey,poojavarkey@nineleaps.com,Female,1976-12-19,Full-Time,8,2017-06-30,1
NL-249,Jeremiah,Sabharwal,Jeremiah Sabharwal,jeremiahsabharwal@nineleaps.com,Male,2002-03-26,Full-Time,10,2018-06-04,2
NLI-043,Tanay,Dara,Tanay Dara,tanaydara@nineleaps.com,Male,2002-05-28,Intern,8,2021-06-02,2
NL-250,Jack,Buch,Jack Buch,jackbuch@nineleaps.com,Female,2003-08-07,Full-Time,6,2018-03-28,2
NLI-044,Ekantika,Barad,Ekantika Barad,ekantikabarad@nineleaps.com,Female,2001-03-04,Intern,10,2016-11-29,1
NL-251,Frederick,Gola,Frederick Gola,frederickgola@nineleaps.com,Male,1996-05-16,Full-Time,3,2021-06-20,2
NL-252,Rudra,Bains,Rudra Bains,rudrabains@nineleaps.com,Female,2002-05-16,Full-Time,11,2022-11-24,2
NL-253,Lila,Kade,Lila Kade,lilakade@nineleaps.com,Male,1978-09-16,Full-Time,11,2020-07-09,1
NL-254,Bakhshi,Sankar,Bakhshi Sankar,bakhshisankar@nineleaps.com,Male,1980-08-06,Full-Time,4,2023-07-30,1
NL-255,Gaurangi,Iyengar,Gaurangi Iyengar,gaurangiiyengar@nineleaps.com,Female,1998-03-07,Full-Time,5,2018-06-13,2
NL-256,Owen,Mukherjee,Owen Mukherjee,owenmukherjee@nineleaps.com,Male,1999-08-21,Full-Time,8,2024-07-13,2
NL-257,Aarini,Deep,Aarini Deep,aarinideep@nineleaps.com,Male,1986-03-25,Full-Time,1,2014-06-26,2
NL-258,Bimala,Ahuja,Bimala Ahuja,bimalaahuja@nineleaps.com,Male,1997-06-13,Full-Time,3,2018-10-03,2
NL-259,Oscar,Bawa,Oscar Bawa,oscarbawa@nineleaps.com,Female,1980-06-17,Full-Time,7,2023-09-13,2
NL-260,Samaksh,Hayre,Samaksh Hayre,samakshhayre@nineleaps.com,Male,1992-03-14,Full-Time,9,2018-10-25,2
NL-261,Luke,Krish,Luke Krish,lukekrish@nineleaps.com,Female,1986-10-13,Full-Time,9,2022-01-09,1
NL-262,Pratyush,Sahota,Pratyush Sahota,pratyushsahota@nineleaps.com,Male,2003-04-15,Full-Time,3,2015-04-21,1
NL-263,Wyatt,Deshpande,Wyatt Deshpande,wyattdeshpande@nineleaps.com,Female,1996-06-13,Full-Time,9,2024-04-03,1
NL-264,Yashawini,Suri,Yashawini Suri,yashawinisuri@nineleaps.com,Female,1983-09-05,Full-Time,1,2017-07-31,1
NL-265,Daksh,Swamy,Daksh Swamy,dakshswamy@nineleaps.com,Male,1975-05-28,Full-Time,12,2017-11-26,1
NL-266,Gayathri,Purohit,Gayathri Purohit,gayathripurohit@nineleaps.com,Female,1994-11-04,Full-Time,6,2016-06-17,2
NLI-045,Wazir,Bera,Wazir Bera,wazirbera@nineleaps.com,Female,2002-09-05,Intern,1,2017-05-21,2
NL-267,Amara,Yadav,Amara Yadav,amarayadav@nineleaps.com,Male,1977-02-09,Full-Time,1,2017-07-15,2
NL-268,Keya,Vasa,Keya Vasa,keyavasa@nineleaps.com,Male,1991-10-10,Full-Time,10,2017-07-09,1
NL-269,Ryan,Shankar,Ryan Shankar,ryanshankar@nineleaps.com,Male,1991-05-19,Full-Time,2,2024-06-10,2
NL-270,Anirudh,Dugal,Anirudh Dugal,anirudhdugal@nineleaps.com,Male,1980-06-20,Full-Time,1,2019-02-26,2
NL-271,Jai,Gole,Jai Gole,jaigole@nineleaps.com,Female,1976-10-31,Full-Time,4,2024-08-07,2
NL-272,Zilmil,Garde,Zilmil Garde,zilmilgarde@nineleaps.com,Male,1977-01-16,Full-Time,1,2021-01-01,2
NL-273,Henry,Vala,Henry Vala,henryvala@nineleaps.com,Male,1987-01-09,Full-Time,12,2024-11-08,2
NL-274,Karan,Hayer,Karan Hayer,karanhayer@nineleaps.com,Male,1980-04-14,Full-Time,4,2020-10-18,2
NL-275,Charvi,Tara,Charvi Tara,charvitara@nineleaps.com,Female,1998-12-05,Full-Time,8,2020-10-25,1
NL-276,Samuel,Dyal,Samuel Dyal,samueldyal@nineleaps.com,Female,1980-10-03,Full-Time,1,2024-06-09,1
NL-277,Triveni,Kashyap,Triveni Kashyap,trivenikashyap@nineleaps.com,Male,1979-02-13,Full-Time,1,2020-07-18,2
NLI-046,Yachana,Mammen,Yachana Mammen,yachanamammen@nineleaps.com,Female,2003-05-13,Intern,10,2015-05-22,2
NL-278,Ekanta,Madan,Ekanta Madan,ekantamadan@nineleaps.com,Male,2003-02-10,Full-Time,9,2023-08-17,1
NL-279,Inaya,Dugar,Inaya Dugar,inayadugar@nineleaps.com,Female,1988-04-30,Full-Time,10,2014-12-03,2
NL-280,Amruta,Nagar,Amruta Nagar,amrutanagar@nineleaps.com,Female,1985-09-26,Full-Time,12,2023-07-01,2
NL-281,Oeshi,Hans,Oeshi Hans,oeshihans@nineleaps.com,Male,1977-08-07,Full-Time,11,2021-07-27,2
NL-282,Niharika,Johal,Niharika Johal,niharikajohal@nineleaps.com,Female,1999-08-25,Full-Time,9,2018-07-15,1
NL-283,Tejas,Bhargava,Tejas Bhargava,tejasbhargava@nineleaps.com,Female,1980-03-13,Full-Time,2,2017-04-11,1
NL-284,Sarthak,Patel,Sarthak Patel,sarthakpatel@nineleaps.com,Female,1993-01-20,Full-Time,8,2023-08-03,1
NL-285,Warinder,Wali,Warinder Wali,warinderwali@nineleaps.com,Male,1975-12-25,Full-Time,8,2014-11-28,2
NL-286,Harsh,Mitter,Harsh Mitter,harshmitter@nineleaps.com,Female,1983-08-12,Full-Time,10,2016-12-21,2
NL-287,Mahika,Goel,Mahika Goel,mahikagoel@nineleaps.com,Female,1981-08-18,Full-Time,8,2014-03-25,1
NL-288,Kai,Pathak,Kai Pathak,kaipathak@nineleaps.com,Female,1988-09-14,Full-Time,6,2021-07-31,1
NL-289,Oeshi,Bhasin,Oeshi Bhasin,oeshibhasin@nineleaps.com,Female,1990-10-24,Full-Time,5,2023-12-05,2
NL-290,Falguni,Gour,Falguni Gour,falgunigour@nineleaps.com,Male,1985-07-22,Full-Time,3,2023-07-25,1
NL-291,Kevin,Modi,Kevin Modi,kevinmodi@nineleaps.com,Male,2001-02-01,Full-Time,8,2020-02-05,2
NL-292,Girik,Dayal,Girik Dayal,girikdayal@nineleaps.com,Female,2001-06-05,Full-Time,4,2015-08-19,2
NLI-047,Ekiya,Handa,Ekiya Handa,ekiyahanda@nineleaps.com,Female,2000-10-20,Intern,8,2018-11-21,1
NL-293,Keya,Zacharia,Keya Zacharia,keyazacharia@nineleaps.com,Female,2001-10-28,Full-Time,5,2016-04-08,2
NL-294,Ria,Ravel,Ria Ravel,riaravel@nineleaps.com,Female,1984-05-12,Full-Time,2,2017-09-22,2
NL-295,Aarini,Krishna,Aarini Krishna,aarinikrishna@nineleaps.com,Female,1991-01-30,Full-Time,8,2016-02-05,2
NLI-048,Warjas,Kakar,Warjas Kakar,warjaskakar@nineleaps.com,Female,2001-09-23,Intern,4,2021-04-24,1
NL-296,Henry,Chatterjee,Henry Chatterjee,henrychatterjee@nineleaps.com,Female,1976-02-05,Full-Time,4,2016-01-07,2
NL-297,Wriddhish,Basak,Wriddhish Basak,wriddhishbasak@nineleaps.com,Female,1991-12-04,Full-Time,4,2024-07-05,1
NLI-049,Chandani,Chawla,Chandani Chawla,chandanichawla@nineleaps.com,Female,2003-11-12,Intern,11,2021-01-10,2
NLI-050,Jagat,Dave,Jagat Dave,jagatdave@nineleaps.com,Female,2000-04-03,Intern,1,2024-09-16,1
NLI-051,Xiti,Kapadia,Xiti Kapadia,xitikapadia@nineleaps.com,Female,2004-04-20,Intern,8,2017-08-02,1
NL-298,Gautami,Varughese,Gautami Varughese,gautamivarughese@nineleaps.com,Male,1979-11-30,Full-Time,11,2018-03-05,1
NL-299,Neel,Maharaj,Neel Maharaj,neelmaharaj@nineleaps.com,Male,1988-04-22,Full-Time,11,2016-06-02,2
NL-300,Megha,Bala,Megha Bala,meghabala@nineleaps.com,Female,1994-07-12,Full-Time,4,2014-09-09,2
NL-301,Gabriel,Varma,Gabriel Varma,gabrielvarma@nineleaps.com,Female,1977-08-19,Full-Time,4,2016-05-18,1
NL-302,Onveer,Arya,Onveer Arya,onveerarya@nineleaps.com,Male,1984-06-27,Full-Time,12,2024-02-29,2
NL-303,Vedhika,Panchal,Vedhika Panchal,vedhikapanchal@nineleaps.com,Male,1983-03-19,Full-Time,12,2016-01-13,2
NL-304,Qabil,Kaul,Qabil Kaul,qabilkaul@nineleaps.com,Male,1997-03-31,Full-Time,1,2017-10-09,1
NL-305,Sachi,Majumdar,Sachi Majumdar,sachimajumdar@nineleaps.com,Male,2003-02-27,Full-Time,10,2014-02-09,2
NL-306,Bachittar,Sarma,Bachittar Sarma,bachittarsarma@nineleaps.com,Male,1982-03-23,Full-Time,5,2015-01-02,1
NL-307,Mahika,Krishnan,Mahika Krishnan,mahikakrishnan@nineleaps.com,Male,1984-04-14,Full-Time,4,2017-10-16,1
NL-308,Yashvi,Mutti,Yashvi Mutti,yashvimutti@nineleaps.com,Male,1989-08-03,Full-Time,4,2023-04-20,2
NL-309,Aarav,Tiwari,Aarav Tiwari,aaravtiwari@nineleaps.com,Male,1996-12-03,Full-Time,11,2024-09-01,1
NL-310,Pushti,Iyer,Pushti Iyer,pushtiiyer@nineleaps.com,Male,1982-07-22,Full-Time,11,2018-01-04,2
NL-311,Chandani,Varghese,Chandani Varghese,chandanivarghese@nineleaps.com,Female,1987-10-28,Full-Time,5,2020-04-14,2
NL-312,Zilmil,Choudhary,Zilmil Choudhary,zilmilchoudhary@nineleaps.com,Female,1984-12-30,Full-Time,6,2017-02-25,2
NL-313,Chavvi,Ganguly,Chavvi Ganguly,chavviganguly@nineleaps.com,Female,1979-10-09,Full-Time,9,2020-04-15,1
NL-314,Oeshi,Modi,Oeshi Modi,oeshimodi@nineleaps.com,Female,1989-03-09,Full-Time,2,2017-06-25,1
NLI-052,Yash,Divan,Yash Divan,yashdivan@nineleaps.com,Female,2002-02-10,Intern,9,2020-03-06,1
NL-315,Arin,Bassi,Arin Bassi,arinbassi@nineleaps.com,Male,2000-12-08,Full-Time,12,2019-04-07,1
NL-316,Dalaja,Nori,Dalaja Nori,dalajanori@nineleaps.com,Male,1979-05-31,Full-Time,9,2015-08-29,1
NL-317,Ekantika,Arora,Ekantika Arora,ekantikaarora@nineleaps.com,Female,1979-10-18,Full-Time,5,2015-10-31,2
NLI-053,Robert,Aurora,Robert Aurora,robertaurora@nineleaps.com,Male,2002-11-10,Intern,10,2015-07-20,2
NL-318,Jeevika,Bal,Jeevika Bal,jeevikabal@nineleaps.com,Female,2000-10-25,Full-Time,2,2019-10-09,1
NL-319,Indira,Contractor,Indira Contractor,indiracontractor@nineleaps.com,Female,1981-01-01,Full-Time,9,2014-07-03,1
NL-320,Timothy,Baral,Timothy Baral,timothybaral@nineleaps.com,Male,1986-04-21,Full-Time,4,2020-09-02,2
NLI-054,Abhimanyu,Samra,Abhimanyu Samra,abhimanyusamra@nineleaps.com,Female,2000-08-16,Intern,11,2022-09-28,2
NL-321,Pahal,Malhotra,Pahal Malhotra,pahalmalhotra@nineleaps.com,Male,1975-09-08,Full-Time,10,2015-12-24,2
NL-322,Ekta,Bera,Ekta Bera,ektabera@nineleaps.com,Male,1998-01-26,Full-Time,11,2023-04-05,2
NL-323,Zansi,Sandhu,Zansi Sandhu,zansisandhu@nineleaps.com,Female,1991-12-08,Full-Time,2,2016-08-29,2
NL-324,Faraj,Vala,Faraj Vala,farajvala@nineleaps.com,Male,1984-12-19,Full-Time,10,2018-09-20,2
NL-325,Panini,Sawhney,Panini Sawhney,paninisawhney@nineleaps.com,Female,1995-12-27,Full-Time,9,2018-08-22,2
NL-326,Chanakya,Handa,Chanakya Handa,chanakyahanda@nineleaps.com,Female,2002-03-06,Full-Time,5,2019-01-07,1
NL-327,Amol,Bhavsar,Amol Bhavsar,amolbhavsar@nineleaps.com,Male,1994-06-12,Full-Time,7,2018-04-09,1
NL-328,Ekta,Krish,Ekta Krish,ektakrish@nineleaps.com,Male,1980-03-13,Full-Time,7,2022-01-01,1
NL-329,Laban,Madan,Laban Madan,labanmadan@nineleaps.com,Male,1991-12-27,Full-Time,1,2016-01-25,2
NLI-055,Shivani,Kibe,Shivani Kibe,shivanikibe@nineleaps.com,Male,2004-05-20,Intern,12,2021-07-15,1
NLI-056,Ekiya,Deo,Ekiya Deo,ekiyadeo@nineleaps.com,Female,2004-07-09,Intern,7,2015-11-27,2
NL-330,Aishani,Patil,Aishani Patil,aishanipatil@nineleaps.com,Female,1984-04-10,Full-Time,1,2021-03-27,2
NL-331,Neel,Dugar,Neel Dugar,neeldugar@nineleaps.com,Female,1993-06-12,Full-Time,1,2015-10-29,2
NL-332,Baghyawati,Kala,Baghyawati Kala,baghyawatikala@nineleaps.com,Female,2002-11-04,Full-Time,8,2014-07-29,2
NL-333,Vedhika,Korpal,Vedhika Korpal,vedhikakorpal@nineleaps.com,Female,1985-10-24,Full-Time,11,2022-09-16,2
NLI-057,Arya,Deep,Arya Deep,aryadeep@nineleaps.com,Female,2003-05-26,Intern,12,2022-06-26,2
NL-334,Nilima,Sanghvi,Nilima Sanghvi,nilimasanghvi@nineleaps.com,Female,1986-09-05,Full-Time,6,2024-05-05,2
NL-335,Yug,Ram,Yug Ram,yugram@nineleaps.com,Male,1990-12-05,Full-Time,7,2019-11-12,1
NL-336,Madhav,More,Madhav More,madhavmore@nineleaps.com,Male,1978-12-06,Full-Time,3,2018-09-19,1
NL-337,Oeshi,Salvi,Oeshi Salvi,oeshisalvi@nineleaps.com,Female,1990-03-07,Full-Time,2,2019-08-09,2
NL-338,Jason,Sami,Jason Sami,jasonsami@nineleaps.com,Female,1983-03-21,Full-Time,1,2018-01-10,1
NL-339,Anirudh,Pall,Anirudh Pall,anirudhpall@nineleaps.com,Male,1992-08-06,Full-Time,8,2020-09-24,1
NL-340,Vyanjana,Dass,Vyanjana Dass,vyanjanadass@nineleaps.com,Male,1989-04-02,Full-Time,8,2022-04-22,2
NL-341,Pushti,Toor,Pushti Toor,pushtitoor@nineleaps.com,Female,1994-09-03,Full-Time,6,2016-01-09,1
NL-342,Nathaniel,Ram,Nathaniel Ram,nathanielram@nineleaps.com,Female,1984-10-25,Full-Time,3,2024-05-16,2
NL-343,Vedika,Wali,Vedika Wali,vedikawali@nineleaps.com,Male,1991-07-16,Full-Time,2,2019-07-11,2
NL-344,Sanaya,Anand,Sanaya Anand,sanayaanand@nineleaps.com,Female,1997-08-24,Full-Time,11,2024-05-29,1
NL-345,Jairaj,Aurora,Jairaj Aurora,jairajaurora@nineleaps.com,Female,1999-09-01,Full-Time,7,2020-04-13,1
NL-346,Kritika,Vala,Kritika Vala,kritikavala@nineleaps.com,Female,2000-10-15,Full-Time,1,2021-10-04,1
NL-347,Shravya,Sanghvi,Shravya Sanghvi,shravyasanghvi@nineleaps.com,Female,1978-03-15,Full-Time,9,2021-09-13,2
NL-348,Onkar,Kuruvilla,Onkar Kuruvilla,onkarkuruvilla@nineleaps.com,Female,1977-10-22,Full-Time,11,2016-04-04,1
NL-349,Urishilla,Om,Urishilla Om,urishillaom@nineleaps.com,Male,1980-01-24,Full-Time,11,2016-12-21,2
NL-350,Lakshmi,Rajagopal,Lakshmi Rajagopal,lakshmirajagopal@nineleaps.com,Female,1983-11-26,Full-Time,5,2020-08-03,1
NL-351,Nikita,Gola,Nikita Gola,nikitagola@nineleaps.com,Female,1989-09-09,Full-Time,7,2021-11-02,1
NL-352,Isha,Chakraborty,Isha Chakraborty,ishachakraborty@nineleaps.com,Female,1989-05-30,Full-Time,10,2022-06-24,2
NL-353,Henry,Johal,Henry Johal,henryjohal@nineleaps.com,Female,1995-11-15,Full-Time,1,2022-01-29,2
NL-354,Gayathri,Deep,Gayathri Deep,gayathrideep@nineleaps.com,Male,1988-06-10,Full-Time,10,2014-10-21,1
NL-355,Ladli,Agate,Ladli Agate,ladliagate@nineleaps.com,Female,2000-05-26,Full-Time,5,2023-04-10,2
NL-356,Zansi,Vig,Zansi Vig,zansivig@nineleaps.com,Female,1998-01-12,Full-Time,3,2014-06-26,2
NL-357,Vinaya,Ratta,Vinaya Ratta,vinayaratta@nineleaps.com,Female,1975-02-05,Full-Time,6,2014-11-13,2
NL-358,Nidra,Upadhyay,Nidra Upadhyay,nidraupadhyay@nineleaps.com,Male,2001-07-02,Full-Time,7,2017-04-18,2
NL-359,Luke,Rajagopal,Luke Rajagopal,lukerajagopal@nineleaps.com,Male,2001-03-07,Full-Time,8,2023-08-19,1
NL-360,Eshana,Virk,Eshana Virk,eshanavirk@nineleaps.com,Female,1989-10-26,Full-Time,8,2015-05-12,2
NL-361,Divya,Ganesh,Divya Ganesh,divyaganesh@nineleaps.com,Female,1998-10-20,Full-Time,12,2018-02-11,1
NL-362,Saanvi,Arora,Saanvi Arora,saanviarora@nineleaps.com,Male,1990-02-07,Full-Time,11,2024-04-29,1
NLI-058,Januja,Deol,Januja Deol,janujadeol@nineleaps.com,Female,2000-12-02,Intern,2,2021-03-04,1
NL-363,Nitesh,Dara,Nitesh Dara,niteshdara@nineleaps.com,Female,1978-02-13,Full-Time,8,2021-07-19,1
NL-364,Yahvi,Trivedi,Yahvi Trivedi,yahvitrivedi@nineleaps.com,Female,1976-07-14,Full-Time,8,2015-03-23,1
NL-365,Anita,Sagar,Anita Sagar,anitasagar@nineleaps.com,Male,2000-07-09,Full-Time,3,2016-09-07,2
NLI-059,Anusha,Purohit,Anusha Purohit,anushapurohit@nineleaps.com,Female,2000-04-08,Intern,7,2018-11-18,1
NL-366,Imaran,Chander,Imaran Chander,imaranchander@nineleaps.com,Male,1988-05-17,Full-Time,12,2019-11-06,1
NLI-060,Jai,Jaggi,Jai Jaggi,jaijaggi@nineleaps.com,Male,2001-04-15,Intern,1,2019-04-02,2
NL-367,Maya,Gokhale,Maya Gokhale,mayagokhale@nineleaps.com,Male,1993-10-28,Full-Time,8,2023-01-20,1
NL-368,Ikshita,Bumb,Ikshita Bumb,ikshitabumb@nineleaps.com,Female,1998-04-08,Full-Time,10,2022-04-15,2
NL-369,Nihal,Kade,Nihal Kade,nihalkade@nineleaps.com,Male,1986-01-16,Full-Time,3,2022-08-16,1
NL-370,Oni,Setty,Oni Setty,onisetty@nineleaps.com,Male,2003-03-16,Full-Time,1,2019-10-06,2
NL-371,Gauri,Varghese,Gauri Varghese,gaurivarghese@nineleaps.com,Female,1982-12-21,Full-Time,4,2024-11-22,1
NL-372,Omkaar,Lata,Omkaar Lata,omkaarlata@nineleaps.com,Female,1994-08-13,Full-Time,9,2022-02-04,2
NL-373,Pranit,Korpal,Pranit Korpal,pranitkorpal@nineleaps.com,Male,1989-11-21,Full-Time,10,2024-04-24,2
NL-374,Upkaar,Narayanan,Upkaar Narayanan,upkaarnarayanan@nineleaps.com,Male,1987-03-22,Full-Time,6,2023-07-26,1
NL-375,Kashvi,Sastry,Kashvi Sastry,kashvisastry@nineleaps.com,Male,1975-11-02,Full-Time,2,2016-02-18,1
NL-376,Dayamai,Khanna,Dayamai Khanna,dayamaikhanna@nineleaps.com,Male,1996-05-27,Full-Time,8,2016-07-05,2
NL-377,Kai,Deo,Kai Deo,kaideo@nineleaps.com,Female,1991-06-09,Full-Time,4,2016-08-08,2
NL-378,Chaitanya,Sha,Chaitanya Sha,chaitanyasha@nineleaps.com,Female,1997-07-30,Full-Time,11,2023-12-18,1
NL-379,Aachal,Karpe,Aachal Karpe,aachalkarpe@nineleaps.com,Male,1991-06-25,Full-Time,3,2014-01-11,2
NL-380,Ishanvi,Shanker,Ishanvi Shanker,ishanvishanker@nineleaps.com,Male,1990-12-07,Full-Time,11,2016-11-19,1
NL-381,Adya,Deo,Adya Deo,adyadeo@nineleaps.com,Female,2002-04-15,Full-Time,12,2021-08-06,1
NLI-061,Vritti,Mand,Vritti Mand,vrittimand@nineleaps.com,Male,2001-11-15,Intern,2,2018-04-19,2
NL-382,Pranit,Krishnan,Pranit Krishnan,pranitkrishnan@nineleaps.com,Male,1994-02-08,Full-Time,10,2015-05-28,2
NL-383,Deepa,Roy,Deepa Roy,deeparoy@nineleaps.com,Female,2002-03-05,Full-Time,9,2024-04-26,2
NL-384,Falguni,Chaudhuri,Falguni Chaudhuri,falgunichaudhuri@nineleaps.com,Female,1999-03-27,Full-Time,3,2018-06-10,1
NL-385,Lavanya,Chopra,Lavanya Chopra,lavanyachopra@nineleaps.com,Male,1994-01-14,Full-Time,7,2024-03-02,2
NL-386,Dhruv,Lall,Dhruv Lall,dhruvlall@nineleaps.com,Male,1978-05-23,Full-Time,7,2018-11-05,2
NL-387,Qasim,Chopra,Qasim Chopra,qasimchopra@nineleaps.com,Female,1983-08-01,Full-Time,2,2014-01-10,1
NL-388,Unnati,Morar,Unnati Morar,unnatimorar@nineleaps.com,Female,1991-03-02,Full-Time,7,2022-01-28,2
NL-389,Janaki,Kuruvilla,Janaki Kuruvilla,janakikuruvilla@nineleaps.com,Female,1976-07-28,Full-Time,6,2015-07-18,1
NL-390,Rudra,Pai,Rudra Pai,rudrapai@nineleaps.com,Male,1993-02-15,Full-Time,2,2019-11-10,2
NL-391,Indrajit,Krishnan,Indrajit Krishnan,indrajitkrishnan@nineleaps.com,Female,1986-09-18,Full-Time,8,2023-12-28,2
NL-392,Rajata,Golla,Rajata Golla,rajatagolla@nineleaps.com,Male,1986-01-18,Full-Time,5,2019-11-21,1
NL-393,Rishi,Sengupta,Rishi Sengupta,rishisengupta@nineleaps.com,Male,1991-04-28,Full-Time,11,2019-06-25,1
NL-394,Indira,Kara,Indira Kara,indirakara@nineleaps.com,Male,1992-10-14,Full-Time,5,2022-09-19,1
NL-395,Rachana,Hayre,Rachana Hayre,rachanahayre@nineleaps.com,Female,1983-09-09,Full-Time,5,2021-06-10,2
NL-396,Max,Mishra,Max Mishra,maxmishra@nineleaps.com,Male,2003-11-02,Full-Time,5,2018-01-03,1
NL-397,Sara,Radhakrishnan,Sara Radhakrishnan,sararadhakrishnan@nineleaps.com,Male,1986-08-08,Full-Time,9,2017-06-24,2
NL-398,Hardik,Narang,Hardik Narang,hardiknarang@nineleaps.com,Male,1991-05-08,Full-Time,10,2020-05-27,1
NL-399,Faras,Bose,Faras Bose,farasbose@nineleaps.com,Male,1975-08-02,Full-Time,10,2016-10-24,2
NL-400,Bhavika,Ram,Bhavika Ram,bhavikaram@nineleaps.com,Male,1984-02-03,Full-Time,8,2024-07-23,1
NL-401,Advika,Sheth,Advika Sheth,advikasheth@nineleaps.com,Female,1978-10-24,Full-Time,1,2016-10-24,1
NL-402,Nidhi,Deol,Nidhi Deol,nidhideol@nineleaps.com,Female,2001-10-23,Full-Time,9,2019-02-27,2
NL-403,Zaid,Maharaj,Zaid Maharaj,zaidmaharaj@nineleaps.com,Male,1987-10-21,Full-Time,12,2017-06-05,1
NL-404,Hemani,More,Hemani More,hemanimore@nineleaps.com,Male,1997-12-18,Full-Time,9,2018-07-27,1
NL-405,Caleb,Brahmbhatt,Caleb Brahmbhatt,calebbrahmbhatt@nineleaps.com,Male,2003-11-12,Full-Time,9,2021-12-31,1
NL-406,Veer,Grewal,Veer Grewal,veergrewal@nineleaps.com,Female,2003-12-27,Full-Time,11,2018-01-10,2
NL-407,Warda,Vaidya,Warda Vaidya,wardavaidya@nineleaps.com,Male,1977-03-06,Full-Time,6,2021-05-18,2
NL-408,Ekta,Sampath,Ekta Sampath,ektasampath@nineleaps.com,Female,2001-02-14,Full-Time,9,2020-04-28,1
NL-409,Ronith,Karnik,Ronith Karnik,ronithkarnik@nineleaps.com,Male,2003-08-29,Full-Time,8,2016-01-11,2
NL-410,Farhan,Tank,Farhan Tank,farhantank@nineleaps.com,Male,1996-04-05,Full-Time,3,2022-03-07,2
NL-411,Ikshita,More,Ikshita More,ikshitamore@nineleaps.com,Male,1988-07-29,Full-Time,10,2022-01-31,1
NL-412,Fariq,Kohli,Fariq Kohli,fariqkohli@nineleaps.com,Female,1993-07-11,Full-Time,1,2020-08-21,2
NL-413,Ekansh,Savant,Ekansh Savant,ekanshsavant@nineleaps.com,Male,1991-01-04,Full-Time,5,2020-08-01,1
NL-414,Ubika,Agarwal,Ubika Agarwal,ubikaagarwal@nineleaps.com,Female,1984-02-05,Full-Time,2,2020-01-31,1
NL-415,Anika,Korpal,Anika Korpal,anikakorpal@nineleaps.com,Male,1975-10-28,Full-Time,1,2024-07-12,1
NL-416,Girish,Gala,Girish Gala,girishgala@nineleaps.com,Male,1992-09-29,Full-Time,8,2017-08-27,1
NL-417,Anirudh,Seth,Anirudh Seth,anirudhseth@nineleaps.com,Male,1976-10-02,Full-Time,11,2016-08-06,1
NL-418,Harish,Datta,Harish Datta,harishdatta@nineleaps.com,Male,1990-06-21,Full-Time,7,2019-10-06,2
NL-419,Baljiwan,Bora,Baljiwan Bora,baljiwanbora@nineleaps.com,Male,1985-11-19,Full-Time,9,2016-05-22,2
NL-420,Yashoda,Andra,Yashoda Andra,yashodaandra@nineleaps.com,Female,1997-05-15,Full-Time,6,2020-11-13,2
NL-421,Nimrat,Kalla,Nimrat Kalla,nimratkalla@nineleaps.com,Male,1993-05-01,Full-Time,2,2023-03-13,2
NL-422,Eshana,Sanghvi,Eshana Sanghvi,eshanasanghvi@nineleaps.com,Female,1999-12-31,Full-Time,1,2024-10-07,2
NL-423,Zaid,Brar,Zaid Brar,zaidbrar@nineleaps.com,Male,1980-05-29,Full-Time,1,2015-02-13,2
NL-424,Sanya,Tella,Sanya Tella,sanyatella@nineleaps.com,Female,1982-03-20,Full-Time,10,2024-08-10,1
NL-425,Jack,Apte,Jack Apte,jackapte@nineleaps.com,Female,1991-07-20,Full-Time,10,2017-11-13,2
NL-426,Vasudha,Gulati,Vasudha Gulati,vasudhagulati@nineleaps.com,Female,1992-09-23,Full-Time,7,2016-12-16,1
NLI-062,Dipta,Sinha,Dipta Sinha,diptasinha@nineleaps.com,Female,2000-09-23,Intern,7,2022-03-09,2
NL-427,Saanvi,Lad,Saanvi Lad,saanvilad@nineleaps.com,Male,1991-09-13,Full-Time,11,2021-02-06,2
NL-428,Anjali,Goswami,Anjali Goswami,anjaligoswami@nineleaps.com,Male,1982-10-26,Full-Time,11,2016-05-03,2
NL-429,Reyansh,Nagy,Reyansh Nagy,reyanshnagy@nineleaps.com,Female,1983-03-05,Full-Time,12,2015-05-04,2
NL-430,Ekalinga,Dara,Ekalinga Dara,ekalingadara@nineleaps.com,Male,1990-06-09,Full-Time,11,2023-07-12,1
NL-431,Forum,Golla,Forum Golla,forumgolla@nineleaps.com,Male,1997-04-04,Full-Time,2,2018-11-13,1
NL-432,Zashil,Bedi,Zashil Bedi,zashilbedi@nineleaps.com,Female,2000-03-05,Full-Time,2,2017-02-27,2
NL-433,Onveer,Sunder,Onveer Sunder,onveersunder@nineleaps.com,Male,1996-05-20,Full-Time,3,2021-01-15,1
NL-434,Patrick,Shah,Patrick Shah,patrickshah@nineleaps.com,Male,1980-06-03,Full-Time,9,2015-07-31,2
NLI-063,Chandresh,Varughese,Chandresh Varughese,chandreshvarughese@nineleaps.com,Male,2003-01-11,Intern,12,2021-12-28,1
NL-435,Anya,Sachar,Anya Sachar,anyasachar@nineleaps.com,Female,2003-11-17,Full-Time,5,2019-02-07,1
NL-436,Zayan,Bhardwaj,Zayan Bhardwaj,zayanbhardwaj@nineleaps.com,Female,1996-11-13,Full-Time,3,2014-11-15,2
NL-437,Vamakshi,Baral,Vamakshi Baral,vamakshibaral@nineleaps.com,Female,2003-09-04,Full-Time,1,2024-10-19,2
NL-438,Yashodhara,Sane,Yashodhara Sane,yashodharasane@nineleaps.com,Female,1985-01-27,Full-Time,9,2021-06-04,1
NLI-064,Ekalinga,Chadha,Ekalinga Chadha,ekalingachadha@nineleaps.com,Female,2003-06-25,Intern,5,2018-02-04,2
NL-439,Liam,Agrawal,Liam Agrawal,liamagrawal@nineleaps.com,Female,1998-05-15,Full-Time,5,2015-08-05,2
NL-440,Yashica,Oza,Yashica Oza,yashicaoza@nineleaps.com,Female,1994-09-25,Full-Time,7,2015-01-30,1
NL-441,Nidra,Dada,Nidra Dada,nidradada@nineleaps.com,Female,1977-03-02,Full-Time,5,2022-12-18,2
NL-442,Elijah,Sunder,Elijah Sunder,elijahsunder@nineleaps.com,Male,2001-06-18,Full-Time,7,2019-09-25,1
NL-443,Ronith,Mohan,Ronith Mohan,ronithmohan@nineleaps.com,Male,1979-11-13,Full-Time,7,2015-01-21,1
NLI-065,Theodore,Sibal,Theodore Sibal,theodoresibal@nineleaps.com,Female,2000-09-21,Intern,4,2023-11-03,2
NL-444,Warhi,Kar,Warhi Kar,warhikar@nineleaps.com,Female,2001-06-07,Full-Time,5,2018-02-06,2
NLI-066,Abeer,Mukhopadhyay,Abeer Mukhopadhyay,abeermukhopadhyay@nineleaps.com,Male,2004-10-26,Intern,4,2019-12-09,1
NL-445,Simon,Narang,Simon Narang,simonnarang@nineleaps.com,Female,1996-12-13,Full-Time,3,2020-02-16,2
NL-446,Charles,Dube,Charles Dube,charlesdube@nineleaps.com,Female,1995-01-09,Full-Time,7,2023-10-09,2
NL-447,Lavanya,Varty,Lavanya Varty,lavanyavarty@nineleaps.com,Male,1993-10-06,Full-Time,4,2024-02-10,1
NL-448,Bachittar,Bir,Bachittar Bir,bachittarbir@nineleaps.com,Male,1999-01-29,Full-Time,2,2024-02-27,1
